{"cameraMode":{"drawMode":0,"name":"Shaded","section":"Shading Mode"},"sceneLighting":true,"audioPlay":false,"sceneViewState":{"m_AlwaysRefresh":false,"showFog":true,"showSkybox":true,"showFlares":true,"showImageEffects":true,"showParticleSystems":true,"showVisualEffectGraphs":true,"m_FxEnabled":true},"in2DMode":false,"pivot":{"x":4.284000396728516,"y":13.43729305267334,"z":14.624801635742188},"rotation":{"x":0.018301665782928468,"y":-0.8116927146911621,"z":0.5836321115493774,"w":0.024119986221194269},"size":19.867284774780275,"orthographic":false}